,Adjustable Race,0,
,Bearing Ball,0,
,BB Ball Bearing,0,
,Headset Ball Bearings,0,
,Blade,0,
,LL Crankarm,0,Black
,ML Crankarm,0,Black
,HL Crankarm,0,Black
,Chainring Bolts,0,Silver
,Chainring Nut,0,Silver
,Chainring,0,Black
,Crown Race,0,
,Chain Stays,0,
,Decal 1,0,
,Decal 2,0,
,Down Tube,0,
,Mountain End Caps,0,
,Road End Caps,0,
,Touring End Caps,0,
,Fork End,0,
,Freewheel,0,Silver
,Flat Washer 1,0,
,Flat Washer 6,0,
,Flat Washer 2,0,
,Flat Washer 9,0,
,Flat Washer 4,0,
,Flat Washer 3,0,
,Flat Washer 8,0,
,Flat Washer 5,0,
,Flat Washer 7,0,
,Fork Crown,0,
,Front Derailleur Cage,0,Silver
,Front Derailleur Linkage,0,Silver
,Guide Pulley,0,
,LL Grip Tape,0,
,ML Grip Tape,0,
,HL Grip Tape,0,
,Thin-Jam Hex Nut 9,0,
,Thin-Jam Hex Nut 10,0,
,Thin-Jam Hex Nut 1,0,
,Thin-Jam Hex Nut 2,0,
,Thin-Jam Hex Nut 15,0,
,Thin-Jam Hex Nut 16,0,
,Thin-Jam Hex Nut 5,0,
,Thin-Jam Hex Nut 6,0,
,Thin-Jam Hex Nut 3,0,
,Thin-Jam Hex Nut 4,0,
,Thin-Jam Hex Nut 13,0,
,Thin-Jam Hex Nut 14,0,
,Thin-Jam Hex Nut 7,0,
,Thin-Jam Hex Nut 8,0,
,Thin-Jam Hex Nut 12,0,
,Thin-Jam Hex Nut 11,0,
,Hex Nut 5,0,
,Hex Nut 6,0,
,Hex Nut 16,0,
,Hex Nut 17,0,
,Hex Nut 7,0,
,Hex Nut 8,0,
,Hex Nut 9,0,
,Hex Nut 22,0,
,Hex Nut 23,0,
,Hex Nut 12,0,
,Hex Nut 13,0,
,Hex Nut 1,0,
,Hex Nut 10,0,
,Hex Nut 11,0,
,Hex Nut 2,0,
,Hex Nut 20,0,
,Hex Nut 21,0,
,Hex Nut 3,0,
,Hex Nut 14,0,
,Hex Nut 15,0,
,Hex Nut 4,0,
,Hex Nut 18,0,
,Hex Nut 19,0,
,Handlebar Tube,0,
,Head Tube,0,
,LL Hub,0,
,HL Hub,0,
,Keyed Washer,0,
,External Lock Washer 3,0,
,External Lock Washer 4,0,
,External Lock Washer 9,0,
,External Lock Washer 5,0,
,External Lock Washer 7,0,
,External Lock Washer 6,0,
,External Lock Washer 1,0,
,External Lock Washer 8,0,
,External Lock Washer 2,0,
,Internal Lock Washer 3,0,
,Internal Lock Washer 4,0,
,Internal Lock Washer 9,0,
,Internal Lock Washer 5,0,
,Internal Lock Washer 7,0,
,Internal Lock Washer 6,0,
,Internal Lock Washer 10,0,
,Internal Lock Washer 1,0,
,Internal Lock Washer 8,0,
,Internal Lock Washer 2,0,
,Thin-Jam Lock Nut 9,0,
,Thin-Jam Lock Nut 10,0,
,Thin-Jam Lock Nut 1,0,
,Thin-Jam Lock Nut 2,0,
,Thin-Jam Lock Nut 15,0,
,Thin-Jam Lock Nut 16,0,
,Thin-Jam Lock Nut 5,0,
,Thin-Jam Lock Nut 6,0,
,Thin-Jam Lock Nut 3,0,
,Thin-Jam Lock Nut 4,0,
,Thin-Jam Lock Nut 13,0,
,Thin-Jam Lock Nut 14,0,
,Thin-Jam Lock Nut 7,0,
,Thin-Jam Lock Nut 8,0,
,Thin-Jam Lock Nut 12,0,
,Thin-Jam Lock Nut 11,0,
,Lock Nut 5,0,
,Lock Nut 6,0,
,Lock Nut 16,0,
,Lock Nut 17,0,
,Lock Nut 7,0,
,Lock Nut 8,0,
,Lock Nut 9,0,
,Lock Nut 22,0,
,Lock Nut 23,0,
,Lock Nut 12,0,
,Lock Nut 13,0,
,Lock Nut 1,0,
,Lock Nut 10,0,
,Lock Nut 11,0,
,Lock Nut 2,0,
,Lock Nut 20,0,
,Lock Nut 21,0,
,Lock Nut 3,0,
,Lock Nut 14,0,
,Lock Nut 15,0,
,Lock Nut 4,0,
,Lock Nut 19,0,
,Lock Nut 18,0,
,Lock Ring,0,Silver
,Lower Head Race,0,
,Lock Washer 4,0,
,Lock Washer 5,0,
,Lock Washer 10,0,
,Lock Washer 6,0,
,Lock Washer 13,0,
,Lock Washer 8,0,
,Lock Washer 1,0,
,Lock Washer 7,0,
,Lock Washer 12,0,
,Lock Washer 2,0,
,Lock Washer 9,0,
,Lock Washer 3,0,
,Lock Washer 11,0,
,Metal Angle,0,
,Metal Bar 1,0,
,Metal Bar 2,0,
,Metal Plate 2,0,
,Metal Plate 1,0,
,Metal Plate 3,0,
,Metal Sheet 2,0,
,Metal Sheet 3,0,
,Metal Sheet 7,0,
,Metal Sheet 4,0,
,Metal Sheet 5,0,
,Metal Sheet 6,0,
,Metal Sheet 1,0,
,Metal Tread Plate,0,
,LL Nipple,0,
,HL Nipple,0,
,Paint - Black,0,
,Paint - Red,0,
,Paint - Silver,0,
,Paint - Blue,0,
,Paint - Yellow,0,
,Pinch Bolt,0,
,Cup-Shaped Race,0,
,Cone-Shaped Race,0,
,Reflector,0,
,LL Mountain Rim,0,
,ML Mountain Rim,0,
,HL Mountain Rim,0,
,LL Road Rim,0,
,ML Road Rim,0,
,HL Road Rim,0,
,Touring Rim,0,
,LL Mountain Seat Assembly,133.34,
,ML Mountain Seat Assembly,147.14,
,HL Mountain Seat Assembly,196.92,
,LL Road Seat Assembly,133.34,
,ML Road Seat Assembly,147.14,
,HL Road Seat Assembly,196.92,
,LL Touring Seat Assembly,133.34,
,ML Touring Seat Assembly,147.14,
,HL Touring Seat Assembly,196.92,
,LL Spindle/Axle,0,
,HL Spindle/Axle,0,
,LL Shell,0,
,HL Shell,0,
,Spokes,0,
,Seat Lug,0,
,Stem,0,
,Seat Post,0,
,Steerer,0,
,Seat Stays,0,
,Seat Tube,0,
,Top Tube,0,
,Tension Pulley,0,
,Rear Derailleur Cage,0,Silver
58,HL Road Frame - Black, 58,1431.5,Black
58,HL Road Frame - Red, 58,1431.5,Red
,Sport-100 Helmet, Red,34.99,Red
,Sport-100 Helmet, Black,34.99,Black
,Sport-100 Helmet, Blue,34.99,Blue
,AWC Logo Cap,8.99,Multi
62,HL Road Frame - Red, 62,1431.5,Red
44,HL Road Frame - Red, 44,1431.5,Red
48,HL Road Frame - Red, 48,1431.5,Red
52,HL Road Frame - Red, 52,1431.5,Red
56,HL Road Frame - Red, 56,1431.5,Red
58,LL Road Frame - Black, 58,337.22,Black
60,LL Road Frame - Black, 60,337.22,Black
62,LL Road Frame - Black, 62,337.22,Black
44,LL Road Frame - Black, 44,337.22,Black
48,LL Road Frame - Black, 48,337.22,Black
52,LL Road Frame - Black, 52,337.22,Black
42,HL Mountain Frame - Silver, 42,1364.5,Silver
46,HL Mountain Frame - Silver, 46,1364.5,Silver
42,HL Mountain Frame - Black, 42,1349.6,Black
46,HL Mountain Frame - Black, 46,1349.6,Black
38,HL Mountain Frame - Black, 38,1349.6,Black
38,HL Mountain Frame - Silver, 38,1364.5,Silver
38,Mountain-200 Silver, 38,2319.99,Silver
42,Mountain-200 Silver, 42,2319.99,Silver
46,Mountain-200 Silver, 46,2319.99,Silver
38,Mountain-200 Black, 38,2294.99,Black
42,Mountain-200 Black, 42,2294.99,Black
46,Mountain-200 Black, 46,2294.99,Black
58,Road-250 Red, 58,2443.35,Red
44,Road-250 Black, 44,2443.35,Black
48,Road-250 Black, 48,2443.35,Black
52,Road-250 Black, 52,2443.35,Black
58,Road-250 Black, 58,2443.35,Black
38,Road-550-W Yellow, 38,1120.49,Yellow
40,Road-550-W Yellow, 40,1120.49,Yellow
42,Road-550-W Yellow, 42,1120.49,Yellow
44,Road-550-W Yellow, 44,1120.49,Yellow
48,Road-550-W Yellow, 48,1120.49,Yellow
,LL Mountain Handlebars,44.54,
,ML Mountain Handlebars,61.92,
,HL Mountain Handlebars,120.27,
,LL Road Handlebars,44.54,
,ML Road Handlebars,61.92,
,HL Road Handlebars,120.27,
38,ML Road Frame-W - Yellow, 38,594.83,Yellow
40,ML Road Frame-W - Yellow, 40,594.83,Yellow
42,ML Road Frame-W - Yellow, 42,594.83,Yellow
44,ML Road Frame-W - Yellow, 44,594.83,Yellow
48,ML Road Frame-W - Yellow, 48,594.83,Yellow
62,HL Road Frame - Black, 62,1431.5,Black
44,HL Road Frame - Black, 44,1431.5,Black
48,HL Road Frame - Black, 48,1431.5,Black
52,HL Road Frame - Black, 52,1431.5,Black
,Water Bottle - 30 oz.,4.99,
,Mountain Bottle Cage,9.99,
,Road Bottle Cage,8.99,
,Patch Kit/8 Patches,2.29,
,Hitch Rack - 4-Bike,120,
,Bike Wash - Dissolver,7.95,
,Fender Set - Mountain,21.98,
,All-Purpose Bike Stand,159,
70,Hydration Pack - 70 oz.,54.99,Silver
60,HL Touring Frame - Yellow, 60,1003.91,Yellow
62,LL Touring Frame - Yellow, 62,333.42,Yellow
46,HL Touring Frame - Yellow, 46,1003.91,Yellow
50,HL Touring Frame - Yellow, 50,1003.91,Yellow
54,HL Touring Frame - Yellow, 54,1003.91,Yellow
46,HL Touring Frame - Blue, 46,1003.91,Blue
50,HL Touring Frame - Blue, 50,1003.91,Blue
54,HL Touring Frame - Blue, 54,1003.91,Blue
60,HL Touring Frame - Blue, 60,1003.91,Blue
,Rear Derailleur,121.46,Silver
50,LL Touring Frame - Blue, 50,333.42,Blue
54,LL Touring Frame - Blue, 54,333.42,Blue
58,LL Touring Frame - Blue, 58,333.42,Blue
62,LL Touring Frame - Blue, 62,333.42,Blue
44,LL Touring Frame - Yellow, 44,333.42,Yellow
50,LL Touring Frame - Yellow, 50,333.42,Yellow
54,LL Touring Frame - Yellow, 54,333.42,Yellow
58,LL Touring Frame - Yellow, 58,333.42,Yellow
44,LL Touring Frame - Blue, 44,333.42,Blue
40,ML Mountain Frame-W - Silver, 40,364.09,Silver
42,ML Mountain Frame-W - Silver, 42,364.09,Silver
46,ML Mountain Frame-W - Silver, 46,364.09,Silver
,Rear Brakes,106.5,Silver
,LL Mountain Seat/Saddle,27.12,
,ML Mountain Seat/Saddle,39.14,
,HL Mountain Seat/Saddle,52.64,
,LL Road Seat/Saddle,27.12,
,ML Road Seat/Saddle,39.14,
,HL Road Seat/Saddle,52.64,
,LL Touring Seat/Saddle,27.12,
,ML Touring Seat/Saddle,39.14,
,HL Touring Seat/Saddle,52.64,
42,LL Mountain Frame - Silver, 42,264.05,Silver
44,LL Mountain Frame - Silver, 44,264.05,Silver
48,LL Mountain Frame - Silver, 48,264.05,Silver
52,LL Mountain Frame - Silver, 52,264.05,Silver
,Mountain Tire Tube,4.99,
,Road Tire Tube,3.99,
,Touring Tire Tube,4.99,
42,LL Mountain Frame - Black, 42,249.79,Black
44,LL Mountain Frame - Black, 44,249.79,Black
48,LL Mountain Frame - Black, 48,249.79,Black
52,LL Mountain Frame - Black, 52,249.79,Black
,LL Mountain Tire,24.99,
,ML Mountain Tire,29.99,
,HL Mountain Tire,35,
,LL Road Tire,21.49,
,ML Road Tire,24.99,
,HL Road Tire,32.6,
,Touring Tire,28.99,
,LL Mountain Pedal,40.49,Silver/Black
,ML Mountain Pedal,62.09,Silver/Black
,HL Mountain Pedal,80.99,Silver/Black
,LL Road Pedal,40.49,Silver/Black
,ML Road Pedal,62.09,Silver/Black
,HL Road Pedal,80.99,Silver/Black
,Touring Pedal,80.99,Silver/Black
38,ML Mountain Frame-W - Silver, 38,364.09,Silver
40,LL Mountain Frame - Black, 40,249.79,Black
40,LL Mountain Frame - Silver, 40,264.05,Silver
,Front Derailleur,91.49,Silver
,LL Touring Handlebars,46.09,
,HL Touring Handlebars,91.57,
,Front Brakes,106.5,Silver
,LL Crankset,175.49,Black
,ML Crankset,256.49,Black
,HL Crankset,404.99,Black
,Chain,20.24,Silver
60,Touring-2000 Blue, 60,1214.85,Blue
46,Touring-1000 Yellow, 46,2384.07,Yellow
50,Touring-1000 Yellow, 50,2384.07,Yellow
54,Touring-1000 Yellow, 54,2384.07,Yellow
60,Touring-1000 Yellow, 60,2384.07,Yellow
54,Touring-3000 Blue, 54,742.35,Blue
58,Touring-3000 Blue, 58,742.35,Blue
62,Touring-3000 Blue, 62,742.35,Blue
44,Touring-3000 Yellow, 44,742.35,Yellow
50,Touring-3000 Yellow, 50,742.35,Yellow
54,Touring-3000 Yellow, 54,742.35,Yellow
58,Touring-3000 Yellow, 58,742.35,Yellow
62,Touring-3000 Yellow, 62,742.35,Yellow
46,Touring-1000 Blue, 46,2384.07,Blue
50,Touring-1000 Blue, 50,2384.07,Blue
54,Touring-1000 Blue, 54,2384.07,Blue
60,Touring-1000 Blue, 60,2384.07,Blue
46,Touring-2000 Blue, 46,1214.85,Blue
50,Touring-2000 Blue, 50,1214.85,Blue
54,Touring-2000 Blue, 54,1214.85,Blue
40,Road-350-W Yellow, 40,1700.99,Yellow
42,Road-350-W Yellow, 42,1700.99,Yellow
44,Road-350-W Yellow, 44,1700.99,Yellow
48,Road-350-W Yellow, 48,1700.99,Yellow
58,Road-750 Black, 58,539.99,Black
44,Touring-3000 Blue, 44,742.35,Blue
50,Touring-3000 Blue, 50,742.35,Blue
38,Mountain-400-W Silver, 38,769.49,Silver
40,Mountain-400-W Silver, 40,769.49,Silver
42,Mountain-400-W Silver, 42,769.49,Silver
46,Mountain-400-W Silver, 46,769.49,Silver
40,Mountain-500 Silver, 40,564.99,Silver
42,Mountain-500 Silver, 42,564.99,Silver
44,Mountain-500 Silver, 44,564.99,Silver
48,Mountain-500 Silver, 48,564.99,Silver
52,Mountain-500 Silver, 52,564.99,Silver
40,Mountain-500 Black, 40,539.99,Black
42,Mountain-500 Black, 42,539.99,Black
44,Mountain-500 Black, 44,539.99,Black
48,Mountain-500 Black, 48,539.99,Black
52,Mountain-500 Black, 52,539.99,Black
,LL Bottom Bracket,53.99,
,ML Bottom Bracket,101.24,
,HL Bottom Bracket,121.49,
44,Road-750 Black, 44,539.99,Black
48,Road-750 Black, 48,539.99,Black
52,Road-750 Black, 52,539.99,Black
10m,10 mm Anti static bubble wrap (Blue) 10m,38.87,Blue
20m,10 mm Anti static bubble wrap (Blue) 20m,62.79,Blue
50m,10 mm Anti static bubble wrap (Blue) 50m,148.01,Blue
10m,10 mm Double sided bubble wrap 10m,22.43,
20m,10 mm Double sided bubble wrap 20m,44.85,
50m,10 mm Double sided bubble wrap 50m,156.98,
10m,20 mm Anti static bubble wrap (Blue) 10m,43.36,Blue
20m,20 mm Anti static bubble wrap (Blue) 20m,67.28,Blue
50m,20 mm Anti static bubble wrap (Blue) 50m,152.49,Blue
10m,20 mm Double sided bubble wrap 10m,26.91,
20m,20 mm Double sided bubble wrap 20m,49.34,
50m,20 mm Double sided bubble wrap 50m,161.46,
300x190x95mm,3 kg Courier post bag (White) 300x190x95mm,0.99,
10m,32 mm Anti static bubble wrap (Blue) 10m,47.84,Blue
20m,32 mm Anti static bubble wrap (Blue) 20m,71.76,Blue
50m,32 mm Anti static bubble wrap (Blue) 50m,156.98,Blue
10m,32 mm Double sided bubble wrap 10m,32.89,
20m,32 mm Double sided bubble wrap 20m,55.32,
50m,32 mm Double sided bubble wrap 50m,167.44,
325m,Air cushion film 200mmx100mm 325m,130.07,
325m,Air cushion film 200mmx200mm 325m,134.55,
,Air cushion machine (Blue),2839.01,
48mmx100m,Black and orange fragile despatch tape 48mmx100m,6.13,
48mmx75m,Black and orange fragile despatch tape 48mmx75m,5.53,
48mmx100m,Black and orange glass with care despatch tape  48mmx100m,6.13,
48mmx75m,Black and orange glass with care despatch tape 48mmx75m,5.53,
48mmx100m,Black and orange handle with care despatch tape  48mmx100m,6.13,
48mmx75m,Black and orange handle with care despatch tape  48mmx75m,5.53,
48mmx100m,Black and orange this way up despatch tape  48mmx100m,6.13,
48mmx75m,Black and orange this way up despatch tape 48mmx75m,5.53,
48mmx75m,Black and yellow heavy despatch tape  48mmx75m,5.53,
48mmx100m,Black and yellow heavy despatch tape 48mmx100m,6.13,
1.5m,Bubblewrap dispenser (Black) 1.5m,358.8,Black
1.5m,Bubblewrap dispenser (Blue) 1.5m,358.8,Blue
1.5m,Bubblewrap dispenser (Red) 1.5m,358.8,Red
250g,Chocolate beetles 250g,12.23,
250g,Chocolate echidnas 250g,12.23,
250g,Chocolate frogs 250g,12.23,
250g,Chocolate sharks 250g,12.23,
48mmx100m,Clear packaging tape 48mmx100m,5.23,
48mmx75m,Clear packaging tape 48mmx75m,4.34,
,DBA joke mug - daaaaaa-ta (Black),19.44,Black
,DBA joke mug - daaaaaa-ta (White),19.44,White
,DBA joke mug - I will get you in order (Black),19.44,Black
,DBA joke mug - I will get you in order (White),19.44,White
,DBA joke mug - it depends (Black),19.44,Black
,DBA joke mug - it depends (White),19.44,White
,DBA joke mug - mind if I join you? (Black),19.44,Black
,DBA joke mug - mind if I join you? (White),19.44,White
,DBA joke mug - SELECT caffeine FROM mug (Black),19.44,Black
,DBA joke mug - SELECT caffeine FROM mug (White),19.44,White
,DBA joke mug - two types of DBAs (Black),19.44,Black
,DBA joke mug - two types of DBAs (White),19.44,White
,DBA joke mug - you might be a DBA if (Black),19.44,Black
,DBA joke mug - you might be a DBA if (White),19.44,White
,Developer joke mug - (hip, hip, array) (Black),19.44,Black
,Developer joke mug - (hip, hip, array) (White),19.44,White
,Developer joke mug - a foo walks into a bar (Black),19.44,Black
,Developer joke mug - a foo walks into a bar (White),19.44,White
,Developer joke mug - fun was unexpected at this time (Black),19.44,Black
,Developer joke mug - fun was unexpected at this time (White),19.44,White
,Developer joke mug - inheritance is the OO way to become wealthy (Black),19.44,Black
,Developer joke mug - inheritance is the OO way to become wealthy (White),19.44,White
,Developer joke mug - Oct 31 = Dec 25 (Black),19.44,Black
,Developer joke mug - Oct 31 = Dec 25 (White),19.44,White
,Developer joke mug - old C developers never die (Black),19.44,Black
,Developer joke mug - old C developers never die (White),19.44,White
,Developer joke mug - that's a hardware problem (Black),19.44,Black
,Developer joke mug - that's a hardware problem (White),19.44,White
,Developer joke mug - there are 10 types of people in the world (Black),19.44,Black
,Developer joke mug - there are 10 types of people in the world (White),19.44,White
,Developer joke mug - this code was generated by a tool (Black),19.44,Black
,Developer joke mug - this code was generated by a tool (White),19.44,White
,Developer joke mug - understanding recursion requires understanding recursion (Black),19.44,Black
,Developer joke mug - understanding recursion requires understanding recursion (White),19.44,White
,Developer joke mug - when your hammer is C++ (Black),19.44,Black
,Developer joke mug - when your hammer is C++ (White),19.44,White
350x280x130mm,Express post box 5kg (White) 350x280x130mm,1.42,
,IT joke mug - hardware: part of the computer that can be kicked (Black),19.44,Black
,IT joke mug - hardware: part of the computer that can be kicked (White),19.44,White
,IT joke mug - keyboard not found … press F1 to continue (Black),19.44,Black
,IT joke mug - keyboard not found … press F1 to continue (White),19.44,White
,IT joke mug - that behavior is by design (Black),19.44,Black
,IT joke mug - that behavior is by design (White),19.44,White
18mm,Large  replacement blades 18mm,6.43,
50m,Large sized bubblewrap roll 50m,35.88,
20m,Medium sized bubblewrap roll 20m,29.9,
250g,Novelty chilli chocolates 250g,12.23,
500g,Novelty chilli chocolates 500g,20.74,
,Office cube periscope (Black),27.66,Black
,Pack of 12 action figures (female),23.92,
,Pack of 12 action figures (male),23.92,
,Pack of 12 action figures (variety),23.92,
18mm,Packing knife with metal insert blade (Yellow) 18mm,3.59,
9mm,Packing knife with metal insert blade (Yellow) 9mm,2.83,
5mm,Permanent marker black 5mm nib (Black) 5mm,4.04,
5mm,Permanent marker blue 5mm nib (Blue) 5mm,4.04,
5mm,Permanent marker red 5mm nib (Red) 5mm,4.04,
1/50 scale,RC big wheel monster truck with remote control (Black) 1/50 scale,67.28,Black
1/50 scale,RC toy sedan car with remote control (Black) 1/50 scale,37.38,Black
1/50 scale,RC toy sedan car with remote control (Blue) 1/50 scale,37.38,Blue
1/50 scale,RC toy sedan car with remote control (Green) 1/50 scale,37.38,
1/50 scale,RC toy sedan car with remote control (Pink) 1/50 scale,37.38,
1/50 scale,RC toy sedan car with remote control (Red) 1/50 scale,37.38,Red
1/50 scale,RC toy sedan car with remote control (Yellow) 1/50 scale,37.38,Yellow
1/50 scale,RC vintage American toy coupe with remote control (Black) 1/50 scale,44.85,Black
1/50 scale,RC vintage American toy coupe with remote control (Red) 1/50 scale,44.85,Red
48mmx100m,Red and white urgent  heavy despatch tape  48mmx100m,6.13,
48mmx75m,Red and white urgent despatch tape 48mmx75m,5.53,
1/12 scale,Ride on big wheel monster truck (Black) 1/12 scale,515.78,Black
1/12 scale,Ride on toy sedan car (Black) 1/12 scale,343.85,Black
1/12 scale,Ride on toy sedan car (Blue) 1/12 scale,343.85,Blue
1/12 scale,Ride on toy sedan car (Green) 1/12 scale,343.85,
1/12 scale,Ride on toy sedan car (Pink) 1/12 scale,343.85,
1/12 scale,Ride on toy sedan car (Red) 1/12 scale,343.85,Red
1/12 scale,Ride on toy sedan car (Yellow) 1/12 scale,343.85,Yellow
1/12 scale,Ride on vintage American toy coupe (Black) 1/12 scale,426.08,Black
1/12 scale,Ride on vintage American toy coupe (Red) 1/12 scale,426.08,Red
229x229x229mm,Shipping carton (Brown) 229x229x229mm,1.57,
279x254x217mm,Shipping carton (Brown) 279x254x217mm,1.66,
305x305x305mm,Shipping carton (Brown) 305x305x305mm,5.23,
356x229x229mm,Shipping carton (Brown) 356x229x229mm,1.7,
356x356x279mm,Shipping carton (Brown) 356x356x279mm,3.05,
413x285x187mm,Shipping carton (Brown) 413x285x187mm,1.57,
457x279x279mm,Shipping carton (Brown) 457x279x279mm,1.91,
457x457x457mm,Shipping carton (Brown) 457x457x457mm,3.14,
480x270x320mm,Shipping carton (Brown) 480x270x320mm,4.1,
500x310x310mm,Shipping carton (Brown) 500x310x310mm,3.81,
9mm,Small 9mm replacement blades 9mm,6.13,
10m,Small sized bubblewrap roll 10m,6.73,
,Tape dispenser (Black),47.84,
,Tape dispenser (Blue),47.84,
,Tape dispenser (Red),47.84,
,USB food flash drive - banana,47.84,
,USB food flash drive - chocolate bar,47.84,
,USB food flash drive - cookie,47.84,
,USB food flash drive - dessert 10 drive variety pack,358.8,
,USB food flash drive - dim sum 10 drive variety pack,358.8,
,USB food flash drive - donut,47.84,
,USB food flash drive - fortune cookie,47.84,
,USB food flash drive - hamburger,47.84,
,USB food flash drive - hot dog,47.84,
,USB food flash drive - pizza slice,47.84,
,USB food flash drive - shrimp cocktail,47.84,
,USB food flash drive - sushi roll,47.84,
,USB missile launcher (Green),37.38,
,USB rocket launcher (Gray),37.38,Steel Gray
100L,Void fill 100 L bag (White) 100L,18.69,
200L,Void fill 200 L bag (White) 200L,37.38,
300L,Void fill 300 L bag (White) 300L,56.06,
400L,Void fill 400 L bag (White) 400L,74.75,
250g,White chocolate moon rocks 250g,12.23,
250g,White chocolate snow balls 250g,12.23,
